HHS2,Carter II,carteriiModal
HHS1,Carter I,carteriModal
EC,Education Center,educationModal
CWH,Crawford Wheatley Hall,crawfordModal
COL,Collum Hall,collumModal
SSC,Student Success Center,studentModal
ADMN,Wheatley Administration Building,wheatleyModal
JCK,Jackson Hall,jacksonModal
SCI,Science Building,scienceModal
RON,Joseph C. Roney Building,josephModal
ACE,Academic Center for Excellence,academicModal
ENG,English Building,englishModal
BHP,Business/History & Political Science,businessModal
FAR,Fine Arts Building,fineModal
SWP,Deriso Swimming Pool,derisoModal
